{
    "minimize": true,
    "channels": [ "L", "R", "C", "SW", "SL", "SR", "SBL", "SBR" ],
    "devices": {
        "capture": "{0.0.0.00000000}.{008deed7-c84c-4ef2-ac18-2a2f453340cd}",
        "render": "{0.0.0.00000000}.{566111ac-1e7f-418c-bf35-ddb325835b69}"
    },
    "filters": {
        "hp": {
            "type": "HIGH_PASS",
            "subType": "BUTTERWORTH",
            "order": 3,
            "freq": 80.0
        },
        "hpCustom": {
            "type": "HIGH_PASS",
            "subType": "CUSTOM",
            "order": 3,
            "freq": 80.0,
            "q": [
                -1,
                0.707
            ]
        },
        "shelf": {
            "type": "LOW_SHELF",
            "freq": 100,
            "gain": 5,
            "slope": 0.55
        },
        "peq": {
            "type": "PEQ",
            "freq": 93,
            "gain": -12,
            "q": 5
        },
        "lt": {
            "type": "LINKWITZ_TRANSFORM",
            "f0": 45.0,
            "q0": 0.5,
            "fp": 30.0,
            "qp": 0.43
        },
        "biquad": {
            "type": "BIQUAD",
            "values": [
                {
                    "b0": 0.2513790015131591,
                    "b1": 0.5027580030263182,
                    "b2": 0.2513790015131591,
                    "a1": -0.17124071441396285,
                    "a2": 0.1767567204665992
                }
            ]
        },
        "fir": {
            "type": "FIR",
            "file": "fir_example.txt"
        },
        "list": [
            {
                "type": "PEQ",
                "freq": 93,
                "gain": -12,
                "q": 5
            }
        ],
        "gain": -5
    },
    "inputs": {
        "L": {
            "routes": [
                {
                    "out": "L",
                    "gain": -4,
                    "delay": 2,
                    "invert": false,
                    "filters": [
                        {
                            "type": "PEQ",
                            "freq": 93,
                            "gain": -12,
                            "q": 5
                        },
                        { "#ref": "filters/hp" },
                        { "#ref": "filters/list" }
                    ]
                }
            ]
        }
    },
    "outputs": {
        "L": {
            "gain": {
                "#ref": "filters/gain"
            },
            "delay": {
                "value": 5.4,
                "unitMeter": true
            },
            "mute": false,
            "invert": false,
            "filters": [
                {
                    "#ref": "filters/hp"
                }
            ]
        },
        "R": {
            "#ref": "outputs/L"
        }
    }
}